suite,method,metric,mean,ci95_low,ci95_high,n_blocks,n_evaluable_scenarios
stationary,SASP,cohort_goodput_mbps,3.2294390432098767,3.214465009719505,3.2444130767002486,10,720
stationary,SASP,queue_overflow_packet_probability,1.2816434642818548e-05,-8.455458286895874e-06,3.408832757253297e-05,10,720
stationary,SASP,deadline_expiration_class0,0.0,0.0,0.0,10,719
stationary,SASP,deadline_expiration_class1,0.0,0.0,0.0,10,720
stationary,SASP,deadline_expiration_class2,0.0,0.0,0.0,10,720
stationary,SASP,energy_j,0.07939311346217064,0.07879507082243514,0.07999115610190613,10,720
stationary,SASP,total_packet_failure_probability,1.2816434642818548e-05,-8.455458286895874e-06,3.408832757253297e-05,10,720
stationary,SASP,throughput_mbps,3.3116775080406873,3.297529817808906,3.3258251982724687,10,720
stationary,SASP,controller_median_ms,2.3784718055555554,2.245378738621148,2.511564872489963,10,720
stationary,SASP,controller_p95_ms,5.630525472222219,4.662040571646623,6.5990103727978155,10,720
stationary,MaxRateMatching,cohort_goodput_mbps,3.2265686728395067,3.211591937986001,3.241545407693012,10,720
stationary,MaxRateMatching,queue_overflow_packet_probability,0.00037853200956705006,0.0002248127798665947,0.0005322512392675054,10,720
stationary,MaxRateMatching,deadline_expiration_class0,0.001256146247276144,0.0010300431528551552,0.001482249341697133,10,719
stationary,MaxRateMatching,deadline_expiration_class1,0.00018390950534283944,6.0165502056954e-05,0.0003076535086287249,10,720
stationary,MaxRateMatching,deadline_expiration_class2,0.0,0.0,0.0,10,720
stationary,MaxRateMatching,energy_j,0.07024716045788634,0.06991629686228965,0.07057802405348304,10,720
stationary,MaxRateMatching,total_packet_failure_probability,0.00092239130027238,0.0007733675617788031,0.001071415038765957,10,720
stationary,MaxRateMatching,throughput_mbps,3.311553961760778,3.296747624661037,3.326360298860519,10,720
stationary,MaxRateMatching,controller_median_ms,0.8944230555555555,0.828250321935758,0.9605957891753529,10,720
stationary,MaxRateMatching,controller_p95_ms,1.9539951388888877,1.602996140724971,2.304994137052804,10,720
stationary,MaxWeight,cohort_goodput_mbps,3.2257037037037035,3.210617588502338,3.240789818905069,10,720
stationary,MaxWeight,queue_overflow_packet_probability,0.00028106215169827504,0.00014928612313900701,0.00041283818025754306,10,720
stationary,MaxWeight,deadline_expiration_class0,0.002504332910201497,0.0021490917973878963,0.0028595740230150974,10,719
stationary,MaxWeight,deadline_expiration_class1,0.0002053540380560134,7.423412149911796e-05,0.00033647395461290885,10,720
stationary,MaxWeight,deadline_expiration_class2,0.0,0.0,0.0,10,720
stationary,MaxWeight,energy_j,0.07049671067679082,0.07018373680009074,0.0708096845534909,10,720
stationary,MaxWeight,total_packet_failure_probability,0.0014990530223654803,0.001346981878842452,0.0016511241658885086,10,720
stationary,MaxWeight,throughput_mbps,3.312148824364222,3.2975802390210087,3.326717409707435,10,720
stationary,MaxWeight,controller_median_ms,1.02990625,0.9820462439233221,1.0777662560766779,10,720
stationary,MaxWeight,controller_p95_ms,2.5933759166666652,2.245370828386042,2.9413810049472886,10,720
stationary,WeightedMaxWeight,cohort_goodput_mbps,3.2272600308641977,3.2123041040226017,3.2422159577057936,10,720
stationary,WeightedMaxWeight,queue_overflow_packet_probability,0.0002358262908569918,0.00011080549120834484,0.00036084709050563876,10,720
stationary,WeightedMaxWeight,deadline_expiration_class0,0.0011349802983517028,0.0009142871837804443,0.0013556734129229614,10,719
stationary,WeightedMaxWeight,deadline_expiration_class1,0.00013387791188053004,2.2803995758138818e-05,0.00024495182800292125,10,720
stationary,WeightedMaxWeight,deadline_expiration_class2,0.0,0.0,0.0,10,720
stationary,WeightedMaxWeight,energy_j,0.07050912673548697,0.07020515925264348,0.07081309421833046,10,720
stationary,WeightedMaxWeight,total_packet_failure_probability,0.0007661670746923071,0.0006041697759235275,0.0009281643734610868,10,720
stationary,WeightedMaxWeight,throughput_mbps,3.3134842563797706,3.2990488690607607,3.3279196436987806,10,720
stationary,WeightedMaxWeight,controller_median_ms,0.9537231944444444,0.9102820259075989,0.99716436298129,10,720
stationary,WeightedMaxWeight,controller_p95_ms,2.25662436111111,1.8843457556526542,2.628902966569566,10,720
stationary,EDF,cohort_goodput_mbps,3.229138117283951,3.214211187542226,3.2440650470256758,10,720
stationary,EDF,queue_overflow_packet_probability,5.7272467051386325e-05,1.5809190263412715e-05,9.873574383935993e-05,10,720
stationary,EDF,deadline_expiration_class0,0.0,0.0,0.0,10,719
stationary,EDF,deadline_expiration_class1,0.0,0.0,0.0,10,720
stationary,EDF,deadline_expiration_class2,0.0,0.0,0.0,10,720
stationary,EDF,energy_j,0.07065751642608077,0.0703788828792226,0.07093614997293894,10,720
stationary,EDF,total_packet_failure_probability,5.7272467051386325e-05,1.5809190263412715e-05,9.873574383935993e-05,10,720
stationary,EDF,throughput_mbps,3.30725340830653,3.2935592351859673,3.320947581427093,10,720
stationary,EDF,controller_median_ms,0.8895813888888888,0.8504087947623268,0.9287539830154509,10,720
stationary,EDF,controller_p95_ms,1.96132748611111,1.6194918301767243,2.303163142045496,10,720
stationary,LyapunovDPP-Energy,cohort_goodput_mbps,3.21019212962963,3.19622398726483,3.2241602719944296,10,720
stationary,LyapunovDPP-Energy,queue_overflow_packet_probability,0.001254228179968619,0.0009813826222695526,0.0015270737376676855,10,720
stationary,LyapunovDPP-Energy,deadline_expiration_class0,0.009728704524227786,0.0088673447361289,0.010590064312326671,10,719
stationary,LyapunovDPP-Energy,deadline_expiration_class1,0.002972162363960861,0.0026175327791778387,0.0033267919487438833,10,720
stationary,LyapunovDPP-Energy,deadline_expiration_class2,0.0010798205240221035,0.0006742457844486172,0.0014853952635955898,10,720
stationary,LyapunovDPP-Energy,energy_j,0.06403682892961507,0.06385823291454523,0.0642154249446849,10,720
stationary,LyapunovDPP-Energy,total_packet_failure_probability,0.0069902564964634,0.006553123365772271,0.007427389627154529,10,720
stationary,LyapunovDPP-Energy,throughput_mbps,3.2986712209890934,3.2848790500032803,3.3124633919749065,10,720
stationary,LyapunovDPP-Energy,controller_median_ms,1.0521956944444446,1.0079820550701803,1.0964093338187089,10,720
stationary,LyapunovDPP-Energy,controller_p95_ms,2.612078388888887,2.220952979630039,3.0032037981477355,10,720
stress,SASP,cohort_goodput_mbps,4.175562500000001,4.152952552338683,4.198172447661318,10,720
stress,SASP,queue_overflow_packet_probability,0.0164402331483642,0.01483947564410929,0.01804099065261911,10,720
stress,SASP,deadline_expiration_class0,0.0030416886944360207,0.0025585246157100805,0.003524852773161961,10,719
stress,SASP,deadline_expiration_class1,0.004529905269680187,0.0032586002446276423,0.0058012102947327315,10,720
stress,SASP,deadline_expiration_class2,0.006102865740477731,0.005054999206421633,0.007150732274533829,10,720
stress,SASP,energy_j,0.09710264908057371,0.09604655549795765,0.09815874266318977,10,720
stress,SASP,total_packet_failure_probability,0.02019283569646341,0.018089201819923562,0.02229646957300326,10,720
stress,SASP,throughput_mbps,3.716548462614322,3.698329321920008,3.7347676033086357,10,720
stress,SASP,controller_median_ms,6.661693194444444,6.522265601288153,6.801120787600736,10,720
stress,SASP,controller_p95_ms,12.212358763888883,11.869179414955285,12.55553811282248,10,720
stress,MaxRateMatching,cohort_goodput_mbps,3.70903549382716,3.6955192386320856,3.7225517490222346,10,720
stress,MaxRateMatching,queue_overflow_packet_probability,0.0631776069420507,0.061089811939363844,0.06526540194473755,10,720
stress,MaxRateMatching,deadline_expiration_class0,0.051139962019719896,0.048953049324246524,0.05332687471519327,10,719
stress,MaxRateMatching,deadline_expiration_class1,0.07492752489693831,0.0713175266803078,0.07853752311356882,10,720
stress,MaxRateMatching,deadline_expiration_class2,0.029810790561357298,0.027119249362298214,0.032502331760416385,10,720
stress,MaxRateMatching,energy_j,0.08458912779470348,0.08391141904001295,0.08526683654939402,10,720
stress,MaxRateMatching,total_packet_failure_probability,0.1189180952918238,0.11537049485551515,0.12246569572813246,10,720
stress,MaxRateMatching,throughput_mbps,3.6794298110440082,3.660473212807788,3.6983864092802285,10,720
stress,MaxRateMatching,controller_median_ms,1.4455241666666667,1.428869573199089,1.4621787601342444,10,720
stress,MaxRateMatching,controller_p95_ms,2.2158551666666657,2.161415097292633,2.2702952360406985,10,720
stress,MaxWeight,cohort_goodput_mbps,3.7040717592592594,3.68798613036354,3.7201573881549788,10,720
stress,MaxWeight,queue_overflow_packet_probability,0.04751375421425284,0.045706206498067524,0.04932130193043816,10,720
stress,MaxWeight,deadline_expiration_class0,0.13960845455931772,0.13486331506300833,0.14435359405562712,10,719
stress,MaxWeight,deadline_expiration_class1,0.07112314941338134,0.06935112197385215,0.07289517685291053,10,720
stress,MaxWeight,deadline_expiration_class2,0.02051066129651862,0.019018238271237428,0.022003084321799815,10,720
stress,MaxWeight,energy_j,0.08335981594672412,0.08277527812080579,0.08394435377264245,10,720
stress,MaxWeight,total_packet_failure_probability,0.14783723019231818,0.14280717525816516,0.1528672851264712,10,720
stress,MaxWeight,throughput_mbps,3.6457279667950346,3.628766818916162,3.662689114673907,10,720
stress,MaxWeight,controller_median_ms,1.9664520833333334,1.9442282652288756,1.9886759014377913,10,720
stress,MaxWeight,controller_p95_ms,2.707427902777776,2.6438885009811326,2.7709673045744196,10,720
stress,WeightedMaxWeight,cohort_goodput_mbps,3.7746381172839505,3.761228530599001,3.7880477039689,10,720
stress,WeightedMaxWeight,queue_overflow_packet_probability,0.04324063229245245,0.041662652369995126,0.04481861221490978,10,720
stress,WeightedMaxWeight,deadline_expiration_class0,0.07879076408341829,0.07646503798421503,0.08111649018262154,10,719
stress,WeightedMaxWeight,deadline_expiration_class1,0.06690331553147742,0.06442356161806256,0.06938306944489228,10,720
stress,WeightedMaxWeight,deadline_expiration_class2,0.034001798765623974,0.03138744347447196,0.036616154056775985,10,720
stress,WeightedMaxWeight,energy_j,0.08468000719871886,0.08400080864021336,0.08535920575722436,10,720
stress,WeightedMaxWeight,total_packet_failure_probability,0.11210020081051568,0.10844222970158875,0.11575817191944261,10,720
stress,WeightedMaxWeight,throughput_mbps,3.6887073496122538,3.669569366120585,3.7078453331039225,10,720
stress,WeightedMaxWeight,controller_median_ms,1.8540619444444446,1.8357227973762094,1.8724010915126799,10,720
stress,WeightedMaxWeight,controller_p95_ms,2.5905994166666657,2.5231411870295037,2.6580576463038277,10,720
stress,EDF,cohort_goodput_mbps,4.034663580246914,4.012748784135467,4.0565783763583605,10,720
stress,EDF,queue_overflow_packet_probability,0.038111893074343,0.03617678703314131,0.040046999115544685,10,720
stress,EDF,deadline_expiration_class0,0.0003650393830562872,0.00014480060676656489,0.0005852781593460095,10,719
stress,EDF,deadline_expiration_class1,0.0014290811116454915,0.000554126249030507,0.002304035974260476,10,720
stress,EDF,deadline_expiration_class2,2.5252525252525253e-05,-3.1872655626217286e-05,8.237770613126778e-05,10,720
stress,EDF,energy_j,0.08531286243984489,0.08463342234324692,0.08599230253644286,10,720
stress,EDF,total_packet_failure_probability,0.03866456195029698,0.03654546309649635,0.04078366080409761,10,720
stress,EDF,throughput_mbps,3.6218105259937134,3.603149763905835,3.6404712880815917,10,720
stress,EDF,controller_median_ms,1.4125116666666666,1.3828999471671828,1.4421233861661504,10,720
stress,EDF,controller_p95_ms,2.1256188194444436,2.0860493346672664,2.165188304221621,10,720
stress,LyapunovDPP-Energy,cohort_goodput_mbps,3.6715941358024686,3.6598178001171964,3.683370471487741,10,720
stress,LyapunovDPP-Energy,queue_overflow_packet_probability,0.04992850143963103,0.048025400142933876,0.05183160273632819,10,720
stress,LyapunovDPP-Energy,deadline_expiration_class0,0.1480993429306897,0.143398308142012,0.1528003777193674,10,719
stress,LyapunovDPP-Energy,deadline_expiration_class1,0.0741623384887948,0.0726142219680155,0.07571045500957412,10,720
stress,LyapunovDPP-Energy,deadline_expiration_class2,0.023033716359859437,0.021496880504358454,0.02457055221536042,10,720
stress,LyapunovDPP-Energy,energy_j,0.07678671589086183,0.07641807418634262,0.07715535759538104,10,720
stress,LyapunovDPP-Energy,total_packet_failure_probability,0.15595249570696257,0.1505765529408541,0.16132843847307105,10,720
stress,LyapunovDPP-Energy,throughput_mbps,3.635203852495809,3.618095172013133,3.6523125329784847,10,720
stress,LyapunovDPP-Energy,controller_median_ms,1.9726069444444445,1.946043055905807,1.999170832983082,10,720
stress,LyapunovDPP-Energy,controller_p95_ms,2.7390968749999987,2.6158483898527547,2.8623453601472426,10,720
ablation,SASP,cohort_goodput_mbps,4.175347222222223,4.103402842097542,4.2472916023469045,5,120
ablation,SASP,queue_overflow_packet_probability,0.01592801828988465,0.00882301651044837,0.02303302006932093,5,120
ablation,SASP,deadline_expiration_class0,0.003558306263567689,0.001794448948982053,0.005322163578153325,5,120
ablation,SASP,deadline_expiration_class1,0.0038093910964371465,0.002321246638842745,0.005297535554031548,5,120
ablation,SASP,deadline_expiration_class2,0.003861520563295871,0.000230082306769663,0.007492958819822079,5,120
ablation,SASP,energy_j,0.09738748656605148,0.09451374173452154,0.10026123139758142,5,120
ablation,SASP,total_packet_failure_probability,0.019567366680765967,0.010943079189771625,0.02819165417176031,5,120
ablation,SASP,throughput_mbps,3.728244346982361,3.6882321604437642,3.768256533520958,5,120
ablation,SASP,controller_median_ms,6.271140833333333,5.908534044770114,6.633747621896552,5,120
ablation,SASP,controller_p95_ms,8.438338249999997,8.036670037764747,8.840006462235248,5,120
ablation,SASP-NoPredictedService,cohort_goodput_mbps,1.5426712962962963,1.5117445810869166,1.573598011505676,5,120
ablation,SASP-NoPredictedService,queue_overflow_packet_probability,0.1982931783244288,0.18817530361410306,0.20841105303475455,5,120
ablation,SASP-NoPredictedService,deadline_expiration_class0,0.411092518408244,0.4013686517737846,0.4208163850427034,5,120
ablation,SASP-NoPredictedService,deadline_expiration_class1,0.3512521599094417,0.33584919730028046,0.36665512251860294,5,120
ablation,SASP-NoPredictedService,deadline_expiration_class2,0.46762073435192775,0.4461437353717983,0.4890977333320572,5,120
ablation,SASP-NoPredictedService,energy_j,0.059662106442934314,0.059597352414809325,0.0597268604710593,5,120
ablation,SASP-NoPredictedService,total_packet_failure_probability,0.5948343256939875,0.5817538702211085,0.6079147811668666,5,120
ablation,SASP-NoPredictedService,throughput_mbps,1.5745469998896806,1.5511580855446603,1.597935914234701,5,120
ablation,SASP-NoPredictedService,controller_median_ms,7.638412499999999,7.525852978279475,7.750972021720524,5,120
ablation,SASP-NoPredictedService,controller_p95_ms,9.74583183333333,9.547999044407296,9.943664622259364,5,120
ablation,SASP-NoVirtualQueue,cohort_goodput_mbps,4.14525925925926,4.08455435438704,4.205964164131479,5,120
ablation,SASP-NoVirtualQueue,queue_overflow_packet_probability,0.019153244806323015,0.010864052972545935,0.027442436640100095,5,120
ablation,SASP-NoVirtualQueue,deadline_expiration_class0,0.002840149617960043,0.0004969829100095842,0.005183316325910502,5,120
ablation,SASP-NoVirtualQueue,deadline_expiration_class1,0.004867476780430981,0.002557540366716566,0.0071774131941453965,5,120
ablation,SASP-NoVirtualQueue,deadline_expiration_class2,0.008912128580763477,0.002868096560867609,0.014956160600659345,5,120
ablation,SASP-NoVirtualQueue,energy_j,0.09778360595057538,0.0948573464335417,0.10070986546760906,5,120
ablation,SASP-NoVirtualQueue,total_packet_failure_probability,0.023296456764256714,0.01258899833444944,0.03400391519406399,5,120
ablation,SASP-NoVirtualQueue,throughput_mbps,3.7610774363984127,3.719079756452687,3.8030751163441385,5,120
ablation,SASP-NoVirtualQueue,controller_median_ms,5.749037499999999,5.4877512425526485,6.01032375744735,5,120
ablation,SASP-NoVirtualQueue,controller_p95_ms,8.038216666666663,7.679492171258771,8.396941162074555,5,120
ablation,SASP-NoCriticalCoverage,cohort_goodput_mbps,4.172763888888889,4.0995347092699435,4.245993068507835,5,120
ablation,SASP-NoCriticalCoverage,queue_overflow_packet_probability,0.01609323601133027,0.009154381915524722,0.02303209010713582,5,120
ablation,SASP-NoCriticalCoverage,deadline_expiration_class0,0.003092097655558553,0.0012776046152144812,0.004906590695902624,5,120
ablation,SASP-NoCriticalCoverage,deadline_expiration_class1,0.00398827585823779,0.001858797676387061,0.006117754040088519,5,120
ablation,SASP-NoCriticalCoverage,deadline_expiration_class2,0.00462495667151417,0.001046773940450029,0.008203139402578311,5,120
ablation,SASP-NoCriticalCoverage,energy_j,0.097432040900881,0.09457470652863856,0.10028937527312345,5,120
ablation,SASP-NoCriticalCoverage,total_packet_failure_probability,0.01962509363141524,0.010861043874151911,0.028389143388678567,5,120
ablation,SASP-NoCriticalCoverage,throughput_mbps,3.7277681147940243,3.68517364567509,3.7703625839129584,5,120
ablation,SASP-NoCriticalCoverage,controller_median_ms,6.196203333333334,5.787697017981979,6.604709648684689,5,120
ablation,SASP-NoCriticalCoverage,controller_p95_ms,8.260722166666664,7.593723731241026,8.927720602092302,5,120
ablation,SASP-GreedyAssignment,cohort_goodput_mbps,4.097236111111111,4.0365464049859865,4.157925817236236,5,120
ablation,SASP-GreedyAssignment,queue_overflow_packet_probability,0.024207466025579934,0.016193523169192175,0.03222140888196769,5,120
ablation,SASP-GreedyAssignment,deadline_expiration_class0,0.00698124623630586,0.004522785177479789,0.009439707295131931,5,120
ablation,SASP-GreedyAssignment,deadline_expiration_class1,0.007954357389689245,0.004716014656969643,0.011192700122408847,5,120
ablation,SASP-GreedyAssignment,deadline_expiration_class2,0.0155510120103193,0.010378460547687676,0.020723563472950925,5,120
ablation,SASP-GreedyAssignment,energy_j,0.09959850023499198,0.09649864712119373,0.10269835334879023,5,120
ablation,SASP-GreedyAssignment,total_packet_failure_probability,0.032342535304109056,0.022324946613036058,0.042360123995182054,5,120
ablation,SASP-GreedyAssignment,throughput_mbps,3.582426806974831,3.531592973670261,3.6332606402794005,5,120
ablation,SASP-GreedyAssignment,controller_median_ms,6.459275833333334,6.173607597537009,6.744944069129659,5,120
ablation,SASP-GreedyAssignment,controller_p95_ms,8.44138083333333,7.957739677352916,8.925021989313745,5,120
long_stress,SASP,cohort_goodput_mbps,3.6508453703703707,3.62440692620216,3.6772838145385816,5,120
long_stress,SASP,queue_overflow_packet_probability,0.0774074998397959,0.07314226671274499,0.08167273296684682,5,120
long_stress,SASP,deadline_expiration_class0,0.012449281090390448,0.010895037583102209,0.014003524597678688,5,120
long_stress,SASP,deadline_expiration_class1,0.02308641319902218,0.01888892478158685,0.027283901616457513,5,120
long_stress,SASP,deadline_expiration_class2,0.12219419961786171,0.11166779115400234,0.1327206080817211,5,120
long_stress,SASP,energy_j,0.47552528081496515,0.463930583822587,0.4871199778073433,5,120
long_stress,SASP,total_packet_failure_probability,0.10631086337985826,0.1005399411186706,0.11208178564104593,5,120
long_stress,SASP,throughput_mbps,3.645574609600049,3.6242809211109126,3.6668682980891854,5,120
long_stress,SASP,controller_median_ms,7.217969999999999,7.064631907425823,7.371308092574176,5,120
long_stress,SASP,controller_p95_ms,9.049498166666664,8.764513418412964,9.334482914920365,5,120
long_stress,MaxRateMatching,cohort_goodput_mbps,3.283082407407408,3.267368970979377,3.298795843835439,5,120
long_stress,MaxRateMatching,queue_overflow_packet_probability,0.09829540339939619,0.09550352790241497,0.1010872788963774,5,120
long_stress,MaxRateMatching,deadline_expiration_class0,0.047592905584596015,0.04482137374072896,0.05036443742846307,5,120
long_stress,MaxRateMatching,deadline_expiration_class1,0.13158395578134124,0.11953094201124738,0.14363696955143512,5,120
long_stress,MaxRateMatching,deadline_expiration_class2,0.1266449694545264,0.11794219384561261,0.13534774506344022,5,120
long_stress,MaxRateMatching,energy_j,0.41410171646766153,0.40848216432351614,0.4197212686118069,5,120
long_stress,MaxRateMatching,total_packet_failure_probability,0.18594423770456653,0.17949888744005002,0.19238958796908304,5,120
long_stress,MaxRateMatching,throughput_mbps,3.58490101929286,3.5629092050019944,3.606892833583726,5,120
long_stress,MaxRateMatching,controller_median_ms,1.415815,1.372896177948109,1.458733822051891,5,120
long_stress,MaxRateMatching,controller_p95_ms,2.1135459166666664,2.0359991512582414,2.1910926820750913,5,120
long_stress,MaxWeight,cohort_goodput_mbps,3.2558453703703707,3.241134486915331,3.2705562538254105,5,120
long_stress,MaxWeight,queue_overflow_packet_probability,0.0950902127295827,0.09098458619079783,0.09919583926836756,5,120
long_stress,MaxWeight,deadline_expiration_class0,0.23108093158135312,0.2230524745968522,0.23910938856585404,5,120
long_stress,MaxWeight,deadline_expiration_class1,0.07152402366562184,0.06642545528184529,0.07662259204939839,5,120
long_stress,MaxWeight,deadline_expiration_class2,0.09862280341988036,0.09226847845706479,0.10497712838269593,5,120
long_stress,MaxWeight,energy_j,0.3990006830338392,0.3940891606471383,0.40391220542054007,5,120
long_stress,MaxWeight,total_packet_failure_probability,0.2495537373050321,0.23743193369347226,0.26167554091659195,5,120
long_stress,MaxWeight,throughput_mbps,3.514182650976571,3.4976003052928473,3.5307649966602943,5,120
long_stress,MaxWeight,controller_median_ms,1.9536850000000001,1.911020958306127,1.9963490416938732,5,120
long_stress,MaxWeight,controller_p95_ms,2.496253833333333,2.421211914868746,2.5712957517979196,5,120
long_stress,WeightedMaxWeight,cohort_goodput_mbps,3.298385185185185,3.2828429719072836,3.3139273984630866,5,120
long_stress,WeightedMaxWeight,queue_overflow_packet_probability,0.09151359196204625,0.0884401203057937,0.0945870636182988,5,120
long_stress,WeightedMaxWeight,deadline_expiration_class0,0.09175849957687053,0.08690309178465944,0.09661390736908163,5,120
long_stress,WeightedMaxWeight,deadline_expiration_class1,0.0986062757760621,0.08975771976321936,0.10745483178890483,5,120
long_stress,WeightedMaxWeight,deadline_expiration_class2,0.1405982892467912,0.1322038412972481,0.14899273719633432,5,120
long_stress,WeightedMaxWeight,energy_j,0.4131102169624191,0.40768637155273135,0.4185340623721069,5,120
long_stress,WeightedMaxWeight,total_packet_failure_probability,0.1915023901337251,0.18469629316106081,0.1983084871063894,5,120
long_stress,WeightedMaxWeight,throughput_mbps,3.5877081098438013,3.5688263530850217,3.606589866602581,5,120
long_stress,WeightedMaxWeight,controller_median_ms,1.83912,1.799514768367729,1.8787252316322711,5,120
long_stress,WeightedMaxWeight,controller_p95_ms,2.4756841666666665,2.4013008241530045,2.5500675091803284,5,120
long_stress,EDF,cohort_goodput_mbps,3.4876240740740743,3.473832131773615,3.5014160163745336,5,120
long_stress,EDF,queue_overflow_packet_probability,0.12098674194828447,0.11690536355882028,0.12506812033774867,5,120
long_stress,EDF,deadline_expiration_class0,0.0075822745794468,0.006252366288084387,0.008912182870809214,5,120
long_stress,EDF,deadline_expiration_class1,0.015139901709661004,0.011581714744410157,0.01869808867491185,5,120
long_stress,EDF,deadline_expiration_class2,0.07761678603517055,0.06102027992736883,0.09421329214297228,5,120
long_stress,EDF,energy_j,0.41452421237372256,0.40962712372171384,0.4194213010257313,5,120
long_stress,EDF,total_packet_failure_probability,0.13934109939411837,0.1331034606231151,0.14557873816512165,5,120
long_stress,EDF,throughput_mbps,3.5021086325293735,3.4853887983786827,3.5188284666800644,5,120
long_stress,EDF,controller_median_ms,1.6865824999999997,1.6564304657666393,1.71673453423336,5,120
long_stress,EDF,controller_p95_ms,2.478066416666666,2.363990418308617,2.5921424150247154,5,120
long_stress,LyapunovDPP-Energy,cohort_goodput_mbps,3.230921296296296,3.2189460578447346,3.242896534747857,5,120
long_stress,LyapunovDPP-Energy,queue_overflow_packet_probability,0.09716889868088835,0.09379463488302717,0.10054316247874953,5,120
long_stress,LyapunovDPP-Energy,deadline_expiration_class0,0.2383319259391758,0.22871505994112307,0.24794879193722852,5,120
long_stress,LyapunovDPP-Energy,deadline_expiration_class1,0.0747285077760136,0.07157429127770606,0.07788272427432114,5,120
long_stress,LyapunovDPP-Energy,deadline_expiration_class2,0.09645424953363908,0.08752268065158667,0.1053858184156915,5,120
long_stress,LyapunovDPP-Energy,energy_j,0.37158755645310176,0.3686858930479966,0.37448921985820693,5,120
long_stress,LyapunovDPP-Energy,total_packet_failure_probability,0.2561718460429402,0.24422415244732257,0.26811953963855784,5,120
long_stress,LyapunovDPP-Energy,throughput_mbps,3.5033153775746264,3.488115994395965,3.5185147607532876,5,120
long_stress,LyapunovDPP-Energy,controller_median_ms,1.9630691666666666,1.9237664233450074,2.002371909988326,5,120
long_stress,LyapunovDPP-Energy,controller_p95_ms,2.5902261666666666,2.449720632399762,2.730731700933571,5,120
scale12,SASP,cohort_goodput_mbps,2.0935694444444444,2.0594461473483805,2.1276927415405082,5,120
scale12,SASP,queue_overflow_packet_probability,0.008674091253839566,0.006832067386682347,0.010516115120996785,5,120
scale12,SASP,deadline_expiration_class0,0.0017171121604015985,-0.00030239594442316164,0.0037366202652263586,5,113
scale12,SASP,deadline_expiration_class1,0.0010420512946372207,0.00019285690185191957,0.0018912456874225218,5,119
scale12,SASP,deadline_expiration_class2,0.00015723270440251572,-0.0002793152681128606,0.000593780676917892,5,120
scale12,SASP,energy_j,0.053959220928488705,0.05260377176487983,0.05531467009209758,5,120
scale12,SASP,total_packet_failure_probability,0.010282716882992232,0.00691225093840706,0.013653182827577404,5,120
scale12,SASP,throughput_mbps,1.9734445736758546,1.9491921598885142,1.997696987463195,5,120
scale12,SASP,controller_median_ms,1.6099883333333331,1.5558297987607856,1.6641468679058806,5,120
scale12,SASP,controller_p95_ms,2.5198869166666658,2.415305711897384,2.6244681214359473,5,120
scale12,MaxRateMatching,cohort_goodput_mbps,1.9551805555555557,1.9352167658327504,1.975144345278361,5,120
scale12,MaxRateMatching,queue_overflow_packet_probability,0.037531756628528,0.030942697441788344,0.04412081581526765,5,120
scale12,MaxRateMatching,deadline_expiration_class0,0.0403781765054866,0.037853313682182574,0.042903039328790624,5,113
scale12,MaxRateMatching,deadline_expiration_class1,0.037643329359582076,0.03083045414764428,0.04445620457151987,5,119
scale12,MaxRateMatching,deadline_expiration_class2,0.00832834249751169,-7.658517046869526e-06,0.016664343512070252,5,120
scale12,MaxRateMatching,energy_j,0.047154542824432724,0.045918301823462765,0.04839078382540268,5,120
scale12,MaxRateMatching,total_packet_failure_probability,0.07206201871976696,0.06421134160918514,0.07991269583034878,5,120
scale12,MaxRateMatching,throughput_mbps,1.9421775666345247,1.9225280080057612,1.9618271252632882,5,120
scale12,MaxRateMatching,controller_median_ms,0.42193416666666667,0.39711266067322387,0.44675567266010946,5,120
scale12,MaxRateMatching,controller_p95_ms,0.6764237499999997,0.5882734771829953,0.764574022817004,5,120
scale12,MaxWeight,cohort_goodput_mbps,1.9286712962962962,1.9083251362264668,1.9490174563661256,5,120
scale12,MaxWeight,queue_overflow_packet_probability,0.033240945899122284,0.0313384115185945,0.03514348027965007,5,120
scale12,MaxWeight,deadline_expiration_class0,0.09796120563663174,0.08786184111618778,0.10806057015707571,5,113
scale12,MaxWeight,deadline_expiration_class1,0.04225912670590312,0.03776694355213133,0.04675130985967491,5,119
scale12,MaxWeight,deadline_expiration_class2,0.004450698024626991,0.00246099408444794,0.006440401964806042,5,120
scale12,MaxWeight,energy_j,0.04708558636097041,0.04605408727294266,0.04811708544899816,5,120
scale12,MaxWeight,total_packet_failure_probability,0.09869201530183137,0.09191056161981082,0.10547346898385193,5,120
scale12,MaxWeight,throughput_mbps,1.9313078109600899,1.91403105633947,1.9485845655807097,5,120
scale12,MaxWeight,controller_median_ms,0.5787208333333334,0.5602941220241983,0.5971475446424684,5,120
scale12,MaxWeight,controller_p95_ms,0.8627113333333328,0.7844893049460192,0.9409333617206465,5,120
scale12,WeightedMaxWeight,cohort_goodput_mbps,1.9606805555555558,1.935057137719462,1.9863039733916494,5,120
scale12,WeightedMaxWeight,queue_overflow_packet_probability,0.031149406208726527,0.028886444669063815,0.03341236774838924,5,120
scale12,WeightedMaxWeight,deadline_expiration_class0,0.05761412910915176,0.05446162082539331,0.0607666373929102,5,113
scale12,WeightedMaxWeight,deadline_expiration_class1,0.03558092836819577,0.029771994849560845,0.04138986188683069,5,119
scale12,WeightedMaxWeight,deadline_expiration_class2,0.0069854746449353345,0.0031035058769828556,0.010867443412887813,5,120
scale12,WeightedMaxWeight,energy_j,0.04738271839315026,0.04616252951092892,0.0486029072753716,5,120
scale12,WeightedMaxWeight,total_packet_failure_probability,0.07418522245775126,0.06784124980711258,0.08052919510838995,5,120
scale12,WeightedMaxWeight,throughput_mbps,1.9463592026963064,1.9276256934702938,1.965092711922319,5,120
scale12,WeightedMaxWeight,controller_median_ms,0.5543516666666667,0.526757394198472,0.5819459391348614,5,120
scale12,WeightedMaxWeight,controller_p95_ms,0.889148583333333,0.7441560839675051,1.034141082699161,5,120
scale12,EDF,cohort_goodput_mbps,2.0495416666666664,2.024110895092446,2.074972438240887,5,120
scale12,EDF,queue_overflow_packet_probability,0.020863357654857615,0.017805186742042636,0.023921528567672594,5,120
scale12,EDF,deadline_expiration_class0,0.0004434589800443459,-0.000787780534455784,0.0016746984945444758,5,113
scale12,EDF,deadline_expiration_class1,0.0,0.0,0.0,5,119
scale12,EDF,deadline_expiration_class2,0.00015723270440251572,-0.0002793152681128606,0.000593780676917892,5,120
scale12,EDF,energy_j,0.04763489110541117,0.04634010656452382,0.04892967564629852,5,120
scale12,EDF,total_packet_failure_probability,0.02127643158617292,0.017563945196488243,0.0249889179758576,5,120
scale12,EDF,throughput_mbps,1.9215952646165437,1.9037166233846796,1.9394739058484078,5,120
scale12,EDF,controller_median_ms,0.4329558333333333,0.41790848886225235,0.4480031778044143,5,120
scale12,EDF,controller_p95_ms,0.7479662499999995,0.7335844313328346,0.7623480686671644,5,120
scale12,LyapunovDPP-Energy,cohort_goodput_mbps,1.9133287037037037,1.8933340368309968,1.9333233705764106,5,120
scale12,LyapunovDPP-Energy,queue_overflow_packet_probability,0.03729571103539728,0.03557284923144543,0.039018572839349126,5,120
scale12,LyapunovDPP-Energy,deadline_expiration_class0,0.10458885281513389,0.09282822107739054,0.11634948455287723,5,113
scale12,LyapunovDPP-Energy,deadline_expiration_class1,0.04509356759711832,0.03729578115292305,0.05289135404131359,5,119
scale12,LyapunovDPP-Energy,deadline_expiration_class2,0.00621139614137804,0.0034644149193256064,0.008958377363430473,5,120
scale12,LyapunovDPP-Energy,energy_j,0.04523708377274938,0.04434230797577142,0.046131859569727346,5,120
scale12,LyapunovDPP-Energy,total_packet_failure_probability,0.1072068069811766,0.10107226344070229,0.11334135052165091,5,120
scale12,LyapunovDPP-Energy,throughput_mbps,1.919212510909564,1.9026163545146284,1.9358086673044994,5,120
scale12,LyapunovDPP-Energy,controller_median_ms,0.5811733333333333,0.5522717564440607,0.610074910222606,5,120
scale12,LyapunovDPP-Energy,controller_p95_ms,0.8400581666666664,0.7605000983581576,0.9196162349751753,5,120
scale16,SASP,cohort_goodput_mbps,2.7967037037037032,2.7532061387414766,2.84020126866593,5,120
scale16,SASP,queue_overflow_packet_probability,0.004318747794321489,0.0030709155071333653,0.005566580081509613,5,120
scale16,SASP,deadline_expiration_class0,0.0006800454740082667,0.0002998428264634638,0.0010602481215530694,5,119
scale16,SASP,deadline_expiration_class1,0.0002984383438751438,-0.0002278816582213163,0.0008247583459716039,5,120
scale16,SASP,deadline_expiration_class2,0.00023809523809523807,-0.00042296312028518876,0.000899153596475665,5,120
scale16,SASP,energy_j,0.07075178734850346,0.06906437935477892,0.072439195342228,5,120
scale16,SASP,total_packet_failure_probability,0.004830855035518197,0.0033703681898439755,0.006291341881192418,5,120
scale16,SASP,throughput_mbps,2.6895975054227454,2.660736246061888,2.7184587647836027,5,120
scale16,SASP,controller_median_ms,2.626866666666667,2.517727158930922,2.736006174402412,5,120
scale16,SASP,controller_p95_ms,4.337981833333332,3.9886736775832654,4.687289989083399,5,120
scale16,MaxRateMatching,cohort_goodput_mbps,2.6329907407407407,2.595301229077598,2.6706802524038835,5,120
scale16,MaxRateMatching,queue_overflow_packet_probability,0.03182398061886099,0.027220322278703316,0.03642763895901867,5,120
scale16,MaxRateMatching,deadline_expiration_class0,0.03576904792128664,0.02894347574463235,0.04259462009794094,5,119
scale16,MaxRateMatching,deadline_expiration_class1,0.02821527508142242,0.02329937307397919,0.03313117708886565,5,120
scale16,MaxRateMatching,deadline_expiration_class2,0.003828056328012517,-1.0237093130907246e-05,0.0076663497491559415,5,120
scale16,MaxRateMatching,energy_j,0.06248055075367468,0.06152837283589889,0.06343272867145047,5,120
scale16,MaxRateMatching,total_packet_failure_probability,0.05955745119626167,0.05345143809741795,0.06566346429510539,5,120
scale16,MaxRateMatching,throughput_mbps,2.64281852590298,2.613525448406273,2.672111603399687,5,120
scale16,MaxRateMatching,controller_median_ms,0.6740449999999999,0.6600602398601525,0.6880297601398473,5,120
scale16,MaxRateMatching,controller_p95_ms,1.0256421666666662,0.9627949493817934,1.088489383951539,5,120
scale16,MaxWeight,cohort_goodput_mbps,2.6163935185185183,2.5778566055573533,2.6549304314796833,5,120
scale16,MaxWeight,queue_overflow_packet_probability,0.024706656483545007,0.019450787671145428,0.029962525295944585,5,120
scale16,MaxWeight,deadline_expiration_class0,0.08851875515798453,0.08025132947657773,0.09678618083939133,5,119
scale16,MaxWeight,deadline_expiration_class1,0.03024113736924654,0.024321879127139266,0.03616039561135381,5,120
scale16,MaxWeight,deadline_expiration_class2,0.002477468784010366,0.0008366809805220872,0.004118256587498645,5,120
scale16,MaxWeight,energy_j,0.062322809122199764,0.061448700892662314,0.06319691735173721,5,120
scale16,MaxWeight,total_packet_failure_probability,0.079512185119447,0.0769184297855289,0.08210594045336508,5,120
scale16,MaxWeight,throughput_mbps,2.6348695392771964,2.6050212224885354,2.6647178560658573,5,120
scale16,MaxWeight,controller_median_ms,0.9346266666666667,0.9059596504635066,0.9632936828698269,5,120
scale16,MaxWeight,controller_p95_ms,1.296735166666666,1.1444651123445881,1.4490052209887438,5,120
scale16,WeightedMaxWeight,cohort_goodput_mbps,2.6601203703703704,2.6229536351633946,2.697287105577346,5,120
scale16,WeightedMaxWeight,queue_overflow_packet_probability,0.021504100649709403,0.018268181814274802,0.024740019485144003,5,120
scale16,WeightedMaxWeight,deadline_expiration_class0,0.05008594079991606,0.04636001184275948,0.05381186975707264,5,119
scale16,WeightedMaxWeight,deadline_expiration_class1,0.02598593294884638,0.02129338653434343,0.030678479363349328,5,120
scale16,WeightedMaxWeight,deadline_expiration_class2,0.0022340725347373214,0.00022126559193837853,0.004246879477536264,5,120
scale16,WeightedMaxWeight,energy_j,0.06281072660245433,0.06183607834917607,0.0637853748557326,5,120
scale16,WeightedMaxWeight,total_packet_failure_probability,0.05562088735243189,0.05356279317112038,0.0576789815337434,5,120
scale16,WeightedMaxWeight,throughput_mbps,2.6471908415172103,2.617780235551951,2.6766014474824695,5,120
scale16,WeightedMaxWeight,controller_median_ms,0.8735575000000001,0.851027255095211,0.8960877449047892,5,120
scale16,WeightedMaxWeight,controller_p95_ms,1.3083769999999997,1.209902362043145,1.4068516379568543,5,120
scale16,EDF,cohort_goodput_mbps,2.7426759259259255,2.7086589346569276,2.7766929171949233,5,120
scale16,EDF,queue_overflow_packet_probability,0.015118575691597327,0.011617098762546572,0.01862005262064808,5,120
scale16,EDF,deadline_expiration_class0,0.0,0.0,0.0,5,119
scale16,EDF,deadline_expiration_class1,0.0,0.0,0.0,5,120
scale16,EDF,deadline_expiration_class2,0.0,0.0,0.0,5,120
scale16,EDF,energy_j,0.06309993233100393,0.062257579576798706,0.06394228508520915,5,120
scale16,EDF,total_packet_failure_probability,0.015118575691597327,0.011617098762546572,0.01862005262064808,5,120
scale16,EDF,throughput_mbps,2.6198213823250915,2.586081039649105,2.653561725001078,5,120
scale16,EDF,controller_median_ms,0.6804074999999999,0.6662875174888799,0.69452748251112,5,120
scale16,EDF,controller_p95_ms,1.1427749999999994,1.0890773938114413,1.1964726061885576,5,120
scale16,LyapunovDPP-Energy,cohort_goodput_mbps,2.5964583333333335,2.55404393263061,2.638872734036057,5,120
scale16,LyapunovDPP-Energy,queue_overflow_packet_probability,0.029318072667107564,0.02402201816506309,0.03461412716915204,5,120
scale16,LyapunovDPP-Energy,deadline_expiration_class0,0.09383135615384318,0.08756852633590309,0.10009418597178327,5,119
scale16,LyapunovDPP-Energy,deadline_expiration_class1,0.03234005252022104,0.026771131893849005,0.03790897314659308,5,120
scale16,LyapunovDPP-Energy,deadline_expiration_class2,0.0041175565461861454,0.0008068520644827367,0.007428261027889554,5,120
scale16,LyapunovDPP-Energy,energy_j,0.05885768961938054,0.0583226460051257,0.05939273323363538,5,120
scale16,LyapunovDPP-Energy,total_packet_failure_probability,0.08679788849770374,0.08445935604340898,0.0891364209519985,5,120
scale16,LyapunovDPP-Energy,throughput_mbps,2.6216484896468266,2.590565641571533,2.65273133772212,5,120
scale16,LyapunovDPP-Energy,controller_median_ms,0.982325,0.9326832346759982,1.0319667653240019,5,120
scale16,LyapunovDPP-Energy,controller_p95_ms,1.5609647499999992,1.455559535348614,1.6663699646513845,5,120
scale24,SASP,cohort_goodput_mbps,4.149634259259259,4.068861472140434,4.230407046378084,5,120
scale24,SASP,queue_overflow_packet_probability,0.015151726232055695,0.011068117135844477,0.019235335328266913,5,120
scale24,SASP,deadline_expiration_class0,0.0025111137267509213,0.0009743074492613336,0.004047920004240509,5,120
scale24,SASP,deadline_expiration_class1,0.0030845314303788738,0.0014421463768694923,0.004726916483888255,5,120
scale24,SASP,deadline_expiration_class2,0.0029983758821881187,0.0003463361904345601,0.005650415573941678,5,120
scale24,SASP,energy_j,0.0963039184313738,0.09406682142753442,0.09854101543521318,5,120
scale24,SASP,total_packet_failure_probability,0.017958621338362603,0.01245820003855953,0.023459042638165676,5,120
scale24,SASP,throughput_mbps,3.7034783361580863,3.644344111788872,3.7626125605273004,5,120
scale24,SASP,controller_median_ms,6.307919166666666,5.796420236926023,6.8194180964073094,5,120
scale24,SASP,controller_p95_ms,11.67435733333333,10.154795641845794,13.193919024820865,5,120
scale24,MaxRateMatching,cohort_goodput_mbps,3.6929351851851857,3.6458941572043853,3.739976213165986,5,120
scale24,MaxRateMatching,queue_overflow_packet_probability,0.0619306061114645,0.05660354658215886,0.06725766564077015,5,120
scale24,MaxRateMatching,deadline_expiration_class0,0.05247154614838432,0.048210568084384745,0.056732524212383895,5,120
scale24,MaxRateMatching,deadline_expiration_class1,0.0716965408598492,0.05996884948007751,0.08342423223962088,5,120
scale24,MaxRateMatching,deadline_expiration_class2,0.020916139128649234,0.015584210360775546,0.026248067896522922,5,120
scale24,MaxRateMatching,energy_j,0.08401845753375634,0.08280905976402704,0.08522785530348563,5,120
scale24,MaxRateMatching,total_packet_failure_probability,0.11603820127885656,0.10430493012261559,0.1277714724350975,5,120
scale24,MaxRateMatching,throughput_mbps,3.663672617590315,3.5913930186248106,3.735952216555819,5,120
scale24,MaxRateMatching,controller_median_ms,1.4127450000000001,1.3491367710038418,1.4763532289961585,5,120
scale24,MaxRateMatching,controller_p95_ms,2.1243574999999995,2.0373575688405854,2.2113574311594135,5,120
scale24,MaxWeight,cohort_goodput_mbps,3.68325462962963,3.6354541771039393,3.731055082155321,5,120
scale24,MaxWeight,queue_overflow_packet_probability,0.04576766912591103,0.04006791501889685,0.051467423232925205,5,120
scale24,MaxWeight,deadline_expiration_class0,0.1404100777677244,0.12632033975487456,0.15449981578057426,5,120
scale24,MaxWeight,deadline_expiration_class1,0.0682759171860032,0.06308573459384886,0.07346609977815755,5,120
scale24,MaxWeight,deadline_expiration_class2,0.0201472976349638,0.01381452545577874,0.026480069814148854,5,120
scale24,MaxWeight,energy_j,0.08300368642794462,0.08213829418440534,0.0838690786714839,5,120
scale24,MaxWeight,total_packet_failure_probability,0.14481510627712116,0.1283703475817957,0.16125986497244663,5,120
scale24,MaxWeight,throughput_mbps,3.631859031882604,3.579833019167727,3.6838850445974813,5,120
scale24,MaxWeight,controller_median_ms,1.9118091666666668,1.8621260486703137,1.9614922846630198,5,120
scale24,MaxWeight,controller_p95_ms,2.5084459166666657,2.326821510624082,2.6900703227092495,5,120
scale24,WeightedMaxWeight,cohort_goodput_mbps,3.7525925925925927,3.710725631484763,3.794459553700422,5,120
scale24,WeightedMaxWeight,queue_overflow_packet_probability,0.04284381764803531,0.037356158511513284,0.04833147678455734,5,120
scale24,WeightedMaxWeight,deadline_expiration_class0,0.07618500739416727,0.06753589148264254,0.084834123305692,5,120
scale24,WeightedMaxWeight,deadline_expiration_class1,0.06409387396818007,0.05561600240516342,0.07257174553119672,5,120
scale24,WeightedMaxWeight,deadline_expiration_class2,0.029736662350368488,0.02257715011262039,0.03689617458811659,5,120
scale24,WeightedMaxWeight,energy_j,0.08425091014894659,0.0830313962848027,0.08547042401309048,5,120
scale24,WeightedMaxWeight,total_packet_failure_probability,0.10922423367549867,0.09513970214997024,0.12330876520102711,5,120
scale24,WeightedMaxWeight,throughput_mbps,3.6690834955220737,3.606643023001578,3.7315239680425694,5,120
scale24,WeightedMaxWeight,controller_median_ms,1.8063624999999999,1.735919202217482,1.8768057977825177,5,120
scale24,WeightedMaxWeight,controller_p95_ms,2.6054459166666657,2.403398004006263,2.8074938293270684,5,120
scale24,EDF,cohort_goodput_mbps,4.00012037037037,3.9215393047117373,4.078701436029003,5,120
scale24,EDF,queue_overflow_packet_probability,0.03761276919304439,0.03243955263812186,0.04278598574796692,5,120
scale24,EDF,deadline_expiration_class0,4.6992481203007515e-05,-8.347956321418202e-05,0.00017746452562019706,5,120
scale24,EDF,deadline_expiration_class1,0.00024084778420038533,-0.00042785286734050887,0.0009095484357412795,5,120
scale24,EDF,deadline_expiration_class2,0.0,0.0,0.0,5,120
scale24,EDF,energy_j,0.08487959191451402,0.08379174340710967,0.08596744042191838,5,120
scale24,EDF,total_packet_failure_probability,0.037699349279624476,0.03253852803353763,0.042860170525711325,5,120
scale24,EDF,throughput_mbps,3.610496467620515,3.5494728635838597,3.6715200716571705,5,120
scale24,EDF,controller_median_ms,1.3632816666666667,1.280374899944996,1.4461884333883375,5,120
scale24,EDF,controller_p95_ms,2.030854166666666,1.9037804197493733,2.1579279135839586,5,120
scale24,LyapunovDPP-Energy,cohort_goodput_mbps,3.652111111111111,3.6075192721287825,3.6967029500934396,5,120
scale24,LyapunovDPP-Energy,queue_overflow_packet_probability,0.04917264780132874,0.04205645196332369,0.056288843639333785,5,120
scale24,LyapunovDPP-Energy,deadline_expiration_class0,0.14496955277335205,0.1291377952385376,0.1608013103081665,5,120
scale24,LyapunovDPP-Energy,deadline_expiration_class1,0.06929325984354792,0.06264186819056672,0.07594465149652913,5,120
scale24,LyapunovDPP-Energy,deadline_expiration_class2,0.02442072384138628,0.012703707682033962,0.03613774000073859,5,120
scale24,LyapunovDPP-Energy,energy_j,0.07640484958565658,0.07590791150245774,0.07690178766885541,5,120
scale24,LyapunovDPP-Energy,total_packet_failure_probability,0.15179156951492384,0.13177866895822565,0.17180447007162203,5,120
scale24,LyapunovDPP-Energy,throughput_mbps,3.6235375859238452,3.566509748461472,3.6805654233862186,5,120
scale24,LyapunovDPP-Energy,controller_median_ms,1.9082441666666667,1.832726350932932,1.9837619824004016,5,120
scale24,LyapunovDPP-Energy,controller_p95_ms,2.4769984999999997,2.37167164950276,2.582325350497239,5,120
scale32,SASP,cohort_goodput_mbps,5.405722222222222,5.358752491259476,5.452691953184968,5,120
scale32,SASP,queue_overflow_packet_probability,0.02641206396238483,0.021849612772052236,0.030974515152717427,5,120
scale32,SASP,deadline_expiration_class0,0.005493525229119226,0.004374356621424297,0.0066126938368141555,5,120
scale32,SASP,deadline_expiration_class1,0.00951175866574841,0.006126019210930362,0.012897498120566458,5,120
scale32,SASP,deadline_expiration_class2,0.02736454020599055,0.02060999597917746,0.03411908443280364,5,120
scale32,SASP,energy_j,0.12183291861450123,0.120582130138057,0.12308370709094545,5,120
scale32,SASP,total_packet_failure_probability,0.03546450235328573,0.029073702645110066,0.041855302061461395,5,120
scale32,SASP,throughput_mbps,4.675812628565931,4.66429248365443,4.687332773477433,5,120
scale32,SASP,controller_median_ms,10.9518325,10.737695287548629,11.165969712451371,5,120
scale32,SASP,controller_p95_ms,14.064556499999995,13.374276228954072,14.754836771045918,5,120
scale32,MaxRateMatching,cohort_goodput_mbps,4.621986111111111,4.5815918734545935,4.662380348767629,5,120
scale32,MaxRateMatching,queue_overflow_packet_probability,0.07966675131549386,0.07550059179976559,0.08383291083122213,5,120
scale32,MaxRateMatching,deadline_expiration_class0,0.058226139576382986,0.056282647564885616,0.06016963158788036,5,120
scale32,MaxRateMatching,deadline_expiration_class1,0.10980018657339333,0.1025167419039265,0.11708363124286016,5,120
scale32,MaxRateMatching,deadline_expiration_class2,0.08150349956664496,0.07014138570642536,0.09286561342686456,5,120
scale32,MaxRateMatching,energy_j,0.10548216726370266,0.10472725249544093,0.10623708203196439,5,120
scale32,MaxRateMatching,total_packet_failure_probability,0.15822626555805872,0.1511272758494201,0.16532525526669734,5,120
scale32,MaxRateMatching,throughput_mbps,4.666944193906051,4.650692901382532,4.68319548642957,5,120
scale32,MaxRateMatching,controller_median_ms,2.3065083333333334,2.285612814317016,2.3274038523496507,5,120
scale32,MaxRateMatching,controller_p95_ms,3.2340347499999984,3.0186006993118863,3.4494688006881105,5,120
scale32,MaxWeight,cohort_goodput_mbps,4.654842592592592,4.623746520693938,4.685938664491246,5,120
scale32,MaxWeight,queue_overflow_packet_probability,0.05984352323610616,0.05536537740228923,0.0643216690699231,5,120
scale32,MaxWeight,deadline_expiration_class0,0.18036853320965068,0.1733122794940253,0.18742478692527606,5,120
scale32,MaxWeight,deadline_expiration_class1,0.0849204213228958,0.07992368514005582,0.08991715750573578,5,120
scale32,MaxWeight,deadline_expiration_class2,0.059841034987201724,0.049833048804889014,0.06984902116951444,5,120
scale32,MaxWeight,energy_j,0.10271471563302899,0.10221393232416574,0.10321549894189223,5,120
scale32,MaxWeight,total_packet_failure_probability,0.19195153122720293,0.18245353331585049,0.20144952913855538,5,120
scale32,MaxWeight,throughput_mbps,4.584081170427149,4.568265121837321,4.599897219016977,5,120
scale32,MaxWeight,controller_median_ms,3.1767466666666664,3.1551970509869114,3.1982962823464214,5,120
scale32,MaxWeight,controller_p95_ms,3.944335166666666,3.8338737250132553,4.054796608320077,5,120
scale32,WeightedMaxWeight,cohort_goodput_mbps,4.748305555555556,4.7167214927881576,4.779889618322954,5,120
scale32,WeightedMaxWeight,queue_overflow_packet_probability,0.055626387788886886,0.04956664851993089,0.061686127057842884,5,120
scale32,WeightedMaxWeight,deadline_expiration_class0,0.09533690561161975,0.09299778406101628,0.09767602716222323,5,120
scale32,WeightedMaxWeight,deadline_expiration_class1,0.087879961172404,0.08277758733712169,0.09298233500768631,5,120
scale32,WeightedMaxWeight,deadline_expiration_class2,0.08616017525717036,0.07060038771783217,0.10171996279650855,5,120
scale32,WeightedMaxWeight,energy_j,0.10541933043783407,0.10464590841801492,0.10619275245765321,5,120
scale32,WeightedMaxWeight,total_packet_failure_probability,0.14726299764497924,0.1402432032611404,0.1542827920288181,5,120
scale32,WeightedMaxWeight,throughput_mbps,4.661660997910049,4.646726591252955,4.676595404567143,5,120
scale32,WeightedMaxWeight,controller_median_ms,3.0294616666666667,2.9988055398775484,3.060117793455785,5,120
scale32,WeightedMaxWeight,controller_p95_ms,3.9174794166666658,3.768646329134228,4.066312504199104,5,120
scale32,EDF,cohort_goodput_mbps,5.232416666666667,5.194822463027437,5.270010870305898,5,120
scale32,EDF,queue_overflow_packet_probability,0.05213649943679162,0.04678565523122777,0.05748734364235547,5,120
scale32,EDF,deadline_expiration_class0,0.00043370956416883286,-0.00040776276713911036,0.001275181895476776,5,120
scale32,EDF,deadline_expiration_class1,0.001277553003130688,-0.0008426307587877794,0.0033977367650491553,5,120
scale32,EDF,deadline_expiration_class2,0.0008521102863769229,-0.0011549472979604238,0.00285916787071427,5,120
scale32,EDF,energy_j,0.10629838587587433,0.10526043242533357,0.10733633932641508,5,120
scale32,EDF,total_packet_failure_probability,0.05283363207936318,0.04710348275226494,0.05856378140646142,5,120
scale32,EDF,throughput_mbps,4.55091943082445,4.546934925693498,4.554903935955402,5,120
scale32,EDF,controller_median_ms,2.3593625000000005,2.337844558156231,2.38088044184377,5,120
scale32,EDF,controller_p95_ms,3.3841516666666656,3.132693918525782,3.6356094148075493,5,120
scale32,LyapunovDPP-Energy,cohort_goodput_mbps,4.607231481481481,4.58537223635999,4.629090726602972,5,120
scale32,LyapunovDPP-Energy,queue_overflow_packet_probability,0.06150239911154222,0.05654364850014139,0.06646114972294305,5,120
scale32,LyapunovDPP-Energy,deadline_expiration_class0,0.19159883937349817,0.18156061067294582,0.20163706807405052,5,120
scale32,LyapunovDPP-Energy,deadline_expiration_class1,0.09318256995235195,0.08984681937234902,0.09651832053235489,5,120
scale32,LyapunovDPP-Energy,deadline_expiration_class2,0.05994800320682403,0.053562152757195336,0.06633385365645272,5,120
scale32,LyapunovDPP-Energy,energy_j,0.09282684675801113,0.0924705399021845,0.09318315361383776,5,120
scale32,LyapunovDPP-Energy,total_packet_failure_probability,0.201713020104003,0.1895161938596112,0.2139098463483948,5,120
scale32,LyapunovDPP-Energy,throughput_mbps,4.570601707503883,4.5506746541039895,4.590528760903776,5,120
scale32,LyapunovDPP-Energy,controller_median_ms,3.1885083333333335,3.169343456820918,3.207673209845749,5,120
scale32,LyapunovDPP-Energy,controller_p95_ms,4.1107093333333315,3.864712205490446,4.356706461176217,5,120
