figure,panel,suite,method,metric,unit,estimand,mean,ci95_low,ci95_high,n_blocks,n_evaluable_scenarios
2,a,stress,MaxRateMatching,cohort_goodput_mbps,Mbps,mean,3.70903549382716,3.6955192386320856,3.7225517490222346,10,720
2,a,stress,MaxWeight,cohort_goodput_mbps,Mbps,mean,3.7040717592592594,3.68798613036354,3.7201573881549788,10,720
2,a,stress,WeightedMaxWeight,cohort_goodput_mbps,Mbps,mean,3.7746381172839505,3.761228530599001,3.7880477039689,10,720
2,a,stress,EDF,cohort_goodput_mbps,Mbps,mean,4.034663580246914,4.012748784135467,4.0565783763583605,10,720
2,a,stress,LyapunovDPP-Energy,cohort_goodput_mbps,Mbps,mean,3.6715941358024686,3.6598178001171964,3.683370471487741,10,720
2,a,stress,SASP,cohort_goodput_mbps,Mbps,mean,4.175562500000001,4.152952552338683,4.198172447661318,10,720
2,b,stress,MaxRateMatching,queue_overflow_packet_probability,%,mean,6.31776069420507,6.108981193936385,6.526540194473755,10,720
2,b,stress,MaxWeight,queue_overflow_packet_probability,%,mean,4.751375421425284,4.570620649806752,4.932130193043816,10,720
2,b,stress,WeightedMaxWeight,queue_overflow_packet_probability,%,mean,4.324063229245246,4.166265236999513,4.481861221490979,10,720
2,b,stress,EDF,queue_overflow_packet_probability,%,mean,3.8111893074342995,3.6176787033141307,4.004699911554469,10,720
2,b,stress,LyapunovDPP-Energy,queue_overflow_packet_probability,%,mean,4.992850143963104,4.802540014293388,5.18316027363282,10,720
2,b,stress,SASP,queue_overflow_packet_probability,%,mean,1.64402331483642,1.483947564410929,1.804099065261911,10,720
2,c,stress,MaxRateMatching,deadline_expiration_class0,%,mean,5.11399620197199,4.8953049324246525,5.332687471519327,10,719
2,c,stress,MaxRateMatching,deadline_expiration_class1,%,mean,7.492752489693831,7.13175266803078,7.853752311356882,10,720
2,c,stress,MaxWeight,deadline_expiration_class0,%,mean,13.96084545593177,13.48633150630083,14.435359405562709,10,719
2,c,stress,MaxWeight,deadline_expiration_class1,%,mean,7.112314941338134,6.935112197385215,7.289517685291053,10,720
2,c,stress,WeightedMaxWeight,deadline_expiration_class0,%,mean,7.879076408341831,7.646503798421506,8.111649018262156,10,719
2,c,stress,WeightedMaxWeight,deadline_expiration_class1,%,mean,6.690331553147741,6.442356161806256,6.938306944489227,10,720
2,c,stress,EDF,deadline_expiration_class0,%,mean,0.036503938305628716,0.014480060676656487,0.05852781593460095,10,719
2,c,stress,EDF,deadline_expiration_class1,%,mean,0.14290811116454913,0.05541262490305067,0.2304035974260476,10,720
2,c,stress,LyapunovDPP-Energy,deadline_expiration_class0,%,mean,14.809934293068972,14.339830814201202,15.280037771936742,10,719
2,c,stress,LyapunovDPP-Energy,deadline_expiration_class1,%,mean,7.416233848879481,7.261422196801549,7.571045500957412,10,720
2,c,stress,SASP,deadline_expiration_class0,%,mean,0.3041688694436021,0.2558524615710081,0.3524852773161961,10,719
2,c,stress,SASP,deadline_expiration_class1,%,mean,0.4529905269680188,0.3258600244627644,0.5801210294732732,10,720
3,a,stress,MaxRateMatching,phase_pre_surge_throughput_mbps,Mbps,mean,3.541958807582509,3.5078255242013805,3.5760920909636376,10,720
3,a,stress,MaxRateMatching,phase_surge_throughput_mbps,Mbps,mean,4.262199038014982,4.25086348747857,4.273534588551394,10,720
3,a,stress,MaxRateMatching,phase_degradation_throughput_mbps,Mbps,mean,3.147743609533504,3.1143671379178066,3.181120081149201,10,720
3,a,stress,MaxRateMatching,phase_recovery_throughput_mbps,Mbps,mean,3.592324590075647,3.5730660072418567,3.6115831729094374,10,720
3,a,stress,MaxWeight,phase_pre_surge_throughput_mbps,Mbps,mean,3.5411565528999005,3.506131580435908,3.576181525363893,10,720
3,a,stress,MaxWeight,phase_surge_throughput_mbps,Mbps,mean,4.143571334267969,4.13542165463659,4.1517210138993486,10,720
3,a,stress,MaxWeight,phase_degradation_throughput_mbps,Mbps,mean,3.0885486135939173,3.059397942221608,3.1176992849662266,10,720
3,a,stress,MaxWeight,phase_recovery_throughput_mbps,Mbps,mean,3.6623910983697394,3.6443852310053315,3.6803969657341473,10,720
3,a,stress,WeightedMaxWeight,phase_pre_surge_throughput_mbps,Mbps,mean,3.5463969670539712,3.5113794338755917,3.5814145002323508,10,720
3,a,stress,WeightedMaxWeight,phase_surge_throughput_mbps,Mbps,mean,4.2144401952503125,4.203005450037584,4.225874940463041,10,720
3,a,stress,WeightedMaxWeight,phase_degradation_throughput_mbps,Mbps,mean,3.155756215696577,3.120725939108572,3.1907864922845817,10,720
3,a,stress,WeightedMaxWeight,phase_recovery_throughput_mbps,Mbps,mean,3.6853421006425107,3.6650035852956733,3.705680615989348,10,720
3,a,stress,EDF,phase_pre_surge_throughput_mbps,Mbps,mean,3.511087206028667,3.479066682945102,3.543107729112232,10,720
3,a,stress,EDF,phase_surge_throughput_mbps,Mbps,mean,4.206451513453899,4.191982723557554,4.220920303350245,10,720
3,a,stress,EDF,phase_degradation_throughput_mbps,Mbps,mean,3.047306727346977,3.0251529050019546,3.0694605496919998,10,720
3,a,stress,EDF,phase_recovery_throughput_mbps,Mbps,mean,3.545975321496043,3.5214771656201473,3.5704734773719387,10,720
3,a,stress,LyapunovDPP-Energy,phase_pre_surge_throughput_mbps,Mbps,mean,3.529579707673517,3.4942602884405116,3.5648991269065227,10,720
3,a,stress,LyapunovDPP-Energy,phase_surge_throughput_mbps,Mbps,mean,4.144451300439584,4.136954964076385,4.151947636802784,10,720
3,a,stress,LyapunovDPP-Energy,phase_degradation_throughput_mbps,Mbps,mean,3.0645971212997054,3.0337210196914164,3.0954732229079944,10,720
3,a,stress,LyapunovDPP-Energy,phase_recovery_throughput_mbps,Mbps,mean,3.6514188601727957,3.6334556455219738,3.6693820748236177,10,720
3,a,stress,SASP,phase_pre_surge_throughput_mbps,Mbps,mean,3.5360151370903723,3.501732976532872,3.5702972976478726,10,720
3,a,stress,SASP,phase_surge_throughput_mbps,Mbps,mean,4.188375524500398,4.177425334773411,4.199325714227386,10,720
3,a,stress,SASP,phase_degradation_throughput_mbps,Mbps,mean,3.326506367835607,3.290528405673475,3.362484329997739,10,720
3,a,stress,SASP,phase_recovery_throughput_mbps,Mbps,mean,3.6824750674307447,3.6667401182188275,3.698210016642662,10,720
3,b,stress,MaxRateMatching,phase_pre_surge_queue_overflow_packet_probability,%,mean,0.052809806655483474,0.029759649062094665,0.07585996424887229,10,720
3,b,stress,MaxRateMatching,phase_surge_queue_overflow_packet_probability,%,mean,6.341261632584727,6.061484502823832,6.621038762345622,10,720
3,b,stress,MaxRateMatching,phase_degradation_queue_overflow_packet_probability,%,mean,11.055355968387572,10.587035386138531,11.523676550636612,10,720
3,b,stress,MaxRateMatching,phase_recovery_queue_overflow_packet_probability,%,mean,7.454404909171148,7.183715129924162,7.725094688418134,10,720
3,b,stress,MaxWeight,phase_pre_surge_queue_overflow_packet_probability,%,mean,0.037143640033018066,0.010116103637192831,0.0641711764288433,10,720
3,b,stress,MaxWeight,phase_surge_queue_overflow_packet_probability,%,mean,3.4403994678367233,3.199118152215474,3.681680783457973,10,720
3,b,stress,MaxWeight,phase_degradation_queue_overflow_packet_probability,%,mean,9.272190457044784,8.909908727190833,9.634472186898735,10,720
3,b,stress,MaxWeight,phase_recovery_queue_overflow_packet_probability,%,mean,8.223368470966696,7.790973038823813,8.655763903109579,10,720
3,b,stress,WeightedMaxWeight,phase_pre_surge_queue_overflow_packet_probability,%,mean,0.01364438497338856,0.003980682996943692,0.023308086949833426,10,720
3,b,stress,WeightedMaxWeight,phase_surge_queue_overflow_packet_probability,%,mean,2.096300166460079,1.9292610983679697,2.263339234552188,10,720
3,b,stress,WeightedMaxWeight,phase_degradation_queue_overflow_packet_probability,%,mean,10.159224469199977,9.678635399200575,10.639813539199379,10,720
3,b,stress,WeightedMaxWeight,phase_recovery_queue_overflow_packet_probability,%,mean,8.637528148582998,8.298179255481706,8.97687704168429,10,720
3,b,stress,EDF,phase_pre_surge_queue_overflow_packet_probability,%,mean,0.002239273072606406,-0.0011454362096422663,0.005623982354855079,10,720
3,b,stress,EDF,phase_surge_queue_overflow_packet_probability,%,mean,2.3304643494215,2.0979225851836683,2.5630061136593314,10,720
3,b,stress,EDF,phase_degradation_queue_overflow_packet_probability,%,mean,8.112114097752734,7.668010744005319,8.55621745150015,10,720
3,b,stress,EDF,phase_recovery_queue_overflow_packet_probability,%,mean,7.244714831072407,6.892436975884036,7.596992686260779,10,720
3,b,stress,LyapunovDPP-Energy,phase_pre_surge_queue_overflow_packet_probability,%,mean,0.057362639054108766,0.02872630732933719,0.08599897077888034,10,720
3,b,stress,LyapunovDPP-Energy,phase_surge_queue_overflow_packet_probability,%,mean,3.7750046305615697,3.5226353521652602,4.027373908957879,10,720
3,b,stress,LyapunovDPP-Energy,phase_degradation_queue_overflow_packet_probability,%,mean,9.664639071018762,9.289246733901559,10.040031408135965,10,720
3,b,stress,LyapunovDPP-Energy,phase_recovery_queue_overflow_packet_probability,%,mean,8.272927944887234,7.760333312747658,8.78552257702681,10,720
3,b,stress,SASP,phase_pre_surge_queue_overflow_packet_probability,%,mean,0.0,0.0,0.0,10,720
3,b,stress,SASP,phase_surge_queue_overflow_packet_probability,%,mean,1.0302014889940176,0.876691724829197,1.1837112531588383,10,720
3,b,stress,SASP,phase_degradation_queue_overflow_packet_probability,%,mean,4.153055767291876,3.7723508067801124,4.5337607278036405,10,720
3,b,stress,SASP,phase_recovery_queue_overflow_packet_probability,%,mean,2.320204922963595,2.073842652059836,2.5665671938673538,10,720
3,c,stress,MaxRateMatching,phase_pre_surge_deadline_expiration_class0_by_arrival_cohort,%,mean,0.14701503523844286,0.058586651268096174,0.23544341920878956,10,720
3,c,stress,MaxRateMatching,phase_surge_deadline_expiration_class0_by_arrival_cohort,%,mean,1.0031209425722007,0.8515978898747338,1.1546439952696677,10,720
3,c,stress,MaxRateMatching,phase_degradation_deadline_expiration_class0_by_arrival_cohort,%,mean,19.939265327890904,19.189395101653435,20.689135554128374,10,720
3,c,stress,MaxRateMatching,phase_recovery_deadline_expiration_class0_by_arrival_cohort,%,mean,5.86090586122383,5.4618724199273,6.25993930252036,10,720
3,c,stress,MaxWeight,phase_pre_surge_deadline_expiration_class0_by_arrival_cohort,%,mean,0.5605953611299157,0.4112201584755707,0.7099705637842607,10,720
3,c,stress,MaxWeight,phase_surge_deadline_expiration_class0_by_arrival_cohort,%,mean,13.249531029430411,12.405462435446168,14.093599623414654,10,720
3,c,stress,MaxWeight,phase_degradation_deadline_expiration_class0_by_arrival_cohort,%,mean,30.632412306563243,29.868440730619106,31.39638388250738,10,720
3,c,stress,MaxWeight,phase_recovery_deadline_expiration_class0_by_arrival_cohort,%,mean,11.188422590437536,10.673038729178726,11.703806451696346,10,720
3,c,stress,WeightedMaxWeight,phase_pre_surge_deadline_expiration_class0_by_arrival_cohort,%,mean,0.13329170928323114,0.07003132626366312,0.19655209230279916,10,720
3,c,stress,WeightedMaxWeight,phase_surge_deadline_expiration_class0_by_arrival_cohort,%,mean,4.611337707590328,4.303670648404045,4.919004766776612,10,720
3,c,stress,WeightedMaxWeight,phase_degradation_deadline_expiration_class0_by_arrival_cohort,%,mean,23.688272578681772,22.782963518474915,24.59358163888863,10,720
3,c,stress,WeightedMaxWeight,phase_recovery_deadline_expiration_class0_by_arrival_cohort,%,mean,8.096736009824742,7.700396557225098,8.493075462424386,10,720
3,c,stress,EDF,phase_pre_surge_deadline_expiration_class0_by_arrival_cohort,%,mean,0.0,0.0,0.0,10,720
3,c,stress,EDF,phase_surge_deadline_expiration_class0_by_arrival_cohort,%,mean,0.0031123203078120233,-0.001651659105977349,0.007876299721601396,10,720
3,c,stress,EDF,phase_degradation_deadline_expiration_class0_by_arrival_cohort,%,mean,0.1888650766194693,0.07306436920597903,0.3046657840329596,10,720
3,c,stress,EDF,phase_recovery_deadline_expiration_class0_by_arrival_cohort,%,mean,0.0,0.0,0.0,10,720
3,c,stress,LyapunovDPP-Energy,phase_pre_surge_deadline_expiration_class0_by_arrival_cohort,%,mean,1.3907714170877716,1.2258040270835417,1.5557388070920015,10,720
3,c,stress,LyapunovDPP-Energy,phase_surge_deadline_expiration_class0_by_arrival_cohort,%,mean,13.246064777312142,12.477350058328293,14.014779496295992,10,720
3,c,stress,LyapunovDPP-Energy,phase_degradation_deadline_expiration_class0_by_arrival_cohort,%,mean,32.530788303739705,31.529081060950617,33.53249554652879,10,720
3,c,stress,LyapunovDPP-Energy,phase_recovery_deadline_expiration_class0_by_arrival_cohort,%,mean,13.50215709826414,12.559041228828512,14.445272967699768,10,720
3,c,stress,SASP,phase_pre_surge_deadline_expiration_class0_by_arrival_cohort,%,mean,0.0,0.0,0.0,10,720
3,c,stress,SASP,phase_surge_deadline_expiration_class0_by_arrival_cohort,%,mean,0.19489560578740212,0.1505395663470176,0.23925164522778664,10,720
3,c,stress,SASP,phase_degradation_deadline_expiration_class0_by_arrival_cohort,%,mean,1.05695108486657,0.8686332878812987,1.2452688818518411,10,720
3,c,stress,SASP,phase_recovery_deadline_expiration_class0_by_arrival_cohort,%,mean,0.11710862698711173,0.05458228812973495,0.17963496584448851,10,720
3,d,stationary,MaxRateMatching,cohort_goodput_mbps,Mbps,mean,3.2265686728395067,3.211591937986001,3.241545407693012,10,720
3,d,stress,MaxRateMatching,cohort_goodput_mbps,Mbps,mean,3.70903549382716,3.6955192386320856,3.7225517490222346,10,720
3,d,long_stress,MaxRateMatching,cohort_goodput_mbps,Mbps,mean,3.283082407407408,3.267368970979377,3.298795843835439,5,120
3,d,stationary,MaxWeight,cohort_goodput_mbps,Mbps,mean,3.2257037037037035,3.210617588502338,3.240789818905069,10,720
3,d,stress,MaxWeight,cohort_goodput_mbps,Mbps,mean,3.7040717592592594,3.68798613036354,3.7201573881549788,10,720
3,d,long_stress,MaxWeight,cohort_goodput_mbps,Mbps,mean,3.2558453703703707,3.241134486915331,3.2705562538254105,5,120
3,d,stationary,WeightedMaxWeight,cohort_goodput_mbps,Mbps,mean,3.2272600308641977,3.2123041040226017,3.2422159577057936,10,720
3,d,stress,WeightedMaxWeight,cohort_goodput_mbps,Mbps,mean,3.7746381172839505,3.761228530599001,3.7880477039689,10,720
3,d,long_stress,WeightedMaxWeight,cohort_goodput_mbps,Mbps,mean,3.298385185185185,3.2828429719072836,3.3139273984630866,5,120
3,d,stationary,EDF,cohort_goodput_mbps,Mbps,mean,3.229138117283951,3.214211187542226,3.2440650470256758,10,720
3,d,stress,EDF,cohort_goodput_mbps,Mbps,mean,4.034663580246914,4.012748784135467,4.0565783763583605,10,720
3,d,long_stress,EDF,cohort_goodput_mbps,Mbps,mean,3.4876240740740743,3.473832131773615,3.5014160163745336,5,120
3,d,stationary,LyapunovDPP-Energy,cohort_goodput_mbps,Mbps,mean,3.21019212962963,3.19622398726483,3.2241602719944296,10,720
3,d,stress,LyapunovDPP-Energy,cohort_goodput_mbps,Mbps,mean,3.6715941358024686,3.6598178001171964,3.683370471487741,10,720
3,d,long_stress,LyapunovDPP-Energy,cohort_goodput_mbps,Mbps,mean,3.230921296296296,3.2189460578447346,3.242896534747857,5,120
3,d,stationary,SASP,cohort_goodput_mbps,Mbps,mean,3.2294390432098767,3.214465009719505,3.2444130767002486,10,720
3,d,stress,SASP,cohort_goodput_mbps,Mbps,mean,4.175562500000001,4.152952552338683,4.198172447661318,10,720
3,d,long_stress,SASP,cohort_goodput_mbps,Mbps,mean,3.6508453703703707,3.62440692620216,3.6772838145385816,5,120
3,e,stationary,MaxRateMatching,queue_overflow_packet_probability,%,mean,0.03785320095670501,0.022481277986659477,0.053225123926750544,10,720
3,e,stress,MaxRateMatching,queue_overflow_packet_probability,%,mean,6.31776069420507,6.108981193936385,6.526540194473755,10,720
3,e,long_stress,MaxRateMatching,queue_overflow_packet_probability,%,mean,9.82954033993962,9.550352790241497,10.108727889637741,5,120
3,e,stationary,MaxWeight,queue_overflow_packet_probability,%,mean,0.028106215169827503,0.0149286123139007,0.04128381802575431,10,720
3,e,stress,MaxWeight,queue_overflow_packet_probability,%,mean,4.751375421425284,4.570620649806752,4.932130193043816,10,720
3,e,long_stress,MaxWeight,queue_overflow_packet_probability,%,mean,9.50902127295827,9.098458619079784,9.919583926836756,5,120
3,e,stationary,WeightedMaxWeight,queue_overflow_packet_probability,%,mean,0.023582629085699174,0.011080549120834476,0.03608470905056387,10,720
3,e,stress,WeightedMaxWeight,queue_overflow_packet_probability,%,mean,4.324063229245246,4.166265236999513,4.481861221490979,10,720
3,e,long_stress,WeightedMaxWeight,queue_overflow_packet_probability,%,mean,9.151359196204627,8.844012030579371,9.458706361829883,5,120
3,e,stationary,EDF,queue_overflow_packet_probability,%,mean,0.0057272467051386325,0.0015809190263412713,0.009873574383935994,10,720
3,e,stress,EDF,queue_overflow_packet_probability,%,mean,3.8111893074342995,3.6176787033141307,4.004699911554469,10,720
3,e,long_stress,EDF,queue_overflow_packet_probability,%,mean,12.09867419482845,11.69053635588203,12.50681203377487,5,120
3,e,stationary,LyapunovDPP-Energy,queue_overflow_packet_probability,%,mean,0.12542281799686192,0.09813826222695526,0.15270737376676857,10,720
3,e,stress,LyapunovDPP-Energy,queue_overflow_packet_probability,%,mean,4.992850143963104,4.802540014293388,5.18316027363282,10,720
3,e,long_stress,LyapunovDPP-Energy,queue_overflow_packet_probability,%,mean,9.716889868088836,9.379463488302719,10.054316247874954,5,120
3,e,stationary,SASP,queue_overflow_packet_probability,%,mean,0.0012816434642818546,-0.0008455458286895875,0.0034088327572532966,10,720
3,e,stress,SASP,queue_overflow_packet_probability,%,mean,1.64402331483642,1.483947564410929,1.804099065261911,10,720
3,e,long_stress,SASP,queue_overflow_packet_probability,%,mean,7.74074998397959,7.314226671274499,8.167273296684682,5,120
3,f,stationary,MaxRateMatching,deadline_expiration_class0,%,mean,0.12561462472761442,0.10300431528551553,0.14822493416971333,10,719
3,f,stress,MaxRateMatching,deadline_expiration_class0,%,mean,5.11399620197199,4.8953049324246525,5.332687471519327,10,719
3,f,long_stress,MaxRateMatching,deadline_expiration_class0,%,mean,4.759290558459601,4.482137374072896,5.0364437428463065,5,120
3,f,stationary,MaxWeight,deadline_expiration_class0,%,mean,0.25043329102014966,0.2149091797387896,0.28595740230150973,10,719
3,f,stress,MaxWeight,deadline_expiration_class0,%,mean,13.96084545593177,13.48633150630083,14.435359405562709,10,719
3,f,long_stress,MaxWeight,deadline_expiration_class0,%,mean,23.10809315813531,22.30524745968522,23.910938856585403,5,120
3,f,stationary,WeightedMaxWeight,deadline_expiration_class0,%,mean,0.11349802983517028,0.09142871837804442,0.13556734129229614,10,719
3,f,stress,WeightedMaxWeight,deadline_expiration_class0,%,mean,7.879076408341831,7.646503798421506,8.111649018262156,10,719
3,f,long_stress,WeightedMaxWeight,deadline_expiration_class0,%,mean,9.175849957687053,8.690309178465943,9.661390736908162,5,120
3,f,stationary,EDF,deadline_expiration_class0,%,mean,0.0,0.0,0.0,10,719
3,f,stress,EDF,deadline_expiration_class0,%,mean,0.036503938305628716,0.014480060676656487,0.05852781593460095,10,719
3,f,long_stress,EDF,deadline_expiration_class0,%,mean,0.7582274579446799,0.6252366288084387,0.8912182870809212,5,120
3,f,stationary,LyapunovDPP-Energy,deadline_expiration_class0,%,mean,0.9728704524227787,0.8867344736128902,1.0590064312326672,10,719
3,f,stress,LyapunovDPP-Energy,deadline_expiration_class0,%,mean,14.809934293068972,14.339830814201202,15.280037771936742,10,719
3,f,long_stress,LyapunovDPP-Energy,deadline_expiration_class0,%,mean,23.83319259391758,22.871505994112304,24.794879193722856,5,120
3,f,stationary,SASP,deadline_expiration_class0,%,mean,0.0,0.0,0.0,10,719
3,f,stress,SASP,deadline_expiration_class0,%,mean,0.3041688694436021,0.2558524615710081,0.3524852773161961,10,719
3,f,long_stress,SASP,deadline_expiration_class0,%,mean,1.244928109039045,1.089503758310221,1.400352459767869,5,120
4,a,ablation,SASP-NoPredictedService,cohort_goodput_mbps,Mbps,SASP_minus_ablation,2.632675925925926,2.5415927521350685,2.7237590997167835,5,120
4,a,ablation,SASP-NoVirtualQueue,cohort_goodput_mbps,Mbps,SASP_minus_ablation,0.0300879629629629,0.01620415459168782,0.04397177133423798,5,120
4,a,ablation,SASP-NoCriticalCoverage,cohort_goodput_mbps,Mbps,SASP_minus_ablation,0.00258333333333333,0.0001812847617185271,0.004985381904948133,5,120
4,a,ablation,SASP-GreedyAssignment,cohort_goodput_mbps,Mbps,SASP_minus_ablation,0.07811111111111106,0.06665928133700488,0.08956294088521724,5,120
4,b,ablation,SASP-NoPredictedService,queue_overflow_packet_probability,pp,ablation_minus_SASP,18.23651600345442,17.791192130679924,18.681839876228914,5,120
4,b,ablation,SASP-NoVirtualQueue,queue_overflow_packet_probability,pp,ablation_minus_SASP,0.32252265164383676,0.19869917706116536,0.44634612622650816,5,120
4,b,ablation,SASP-NoCriticalCoverage,queue_overflow_packet_probability,pp,ablation_minus_SASP,0.01652177214456224,-0.01213210116723129,0.04517564545635577,5,120
4,b,ablation,SASP-GreedyAssignment,queue_overflow_packet_probability,pp,ablation_minus_SASP,0.8279447735695289,0.7236281875539321,0.9322613595851257,5,120
4,c,ablation,SASP-NoPredictedService,deadline_expiration_class0,pp,ablation_minus_SASP,40.75342121446762,39.7349076895042,41.771934739431046,5,120
4,c,ablation,SASP-NoVirtualQueue,deadline_expiration_class0,pp,ablation_minus_SASP,-0.07181566456076457,-0.16106715000252803,0.017435820880998876,5,120
4,c,ablation,SASP-NoCriticalCoverage,deadline_expiration_class0,pp,ablation_minus_SASP,-0.046620860800913634,-0.09343276544719184,0.00019104384536457186,5,120
4,c,ablation,SASP-GreedyAssignment,deadline_expiration_class0,pp,ablation_minus_SASP,0.34229399727381704,0.23291886143978036,0.4516691331078537,5,120
5,a,scale12,MaxRateMatching,cohort_goodput_mbps,Mbps,mean,1.9551805555555557,1.9352167658327504,1.975144345278361,5,120
5,a,scale16,MaxRateMatching,cohort_goodput_mbps,Mbps,mean,2.6329907407407407,2.595301229077598,2.6706802524038835,5,120
5,a,scale24,MaxRateMatching,cohort_goodput_mbps,Mbps,mean,3.6929351851851857,3.6458941572043853,3.739976213165986,5,120
5,a,scale32,MaxRateMatching,cohort_goodput_mbps,Mbps,mean,4.621986111111111,4.5815918734545935,4.662380348767629,5,120
5,a,scale12,MaxWeight,cohort_goodput_mbps,Mbps,mean,1.9286712962962962,1.9083251362264668,1.9490174563661256,5,120
5,a,scale16,MaxWeight,cohort_goodput_mbps,Mbps,mean,2.6163935185185183,2.5778566055573533,2.6549304314796833,5,120
5,a,scale24,MaxWeight,cohort_goodput_mbps,Mbps,mean,3.68325462962963,3.6354541771039393,3.731055082155321,5,120
5,a,scale32,MaxWeight,cohort_goodput_mbps,Mbps,mean,4.654842592592592,4.623746520693938,4.685938664491246,5,120
5,a,scale12,WeightedMaxWeight,cohort_goodput_mbps,Mbps,mean,1.9606805555555558,1.935057137719462,1.9863039733916494,5,120
5,a,scale16,WeightedMaxWeight,cohort_goodput_mbps,Mbps,mean,2.6601203703703704,2.6229536351633946,2.697287105577346,5,120
5,a,scale24,WeightedMaxWeight,cohort_goodput_mbps,Mbps,mean,3.7525925925925927,3.710725631484763,3.794459553700422,5,120
5,a,scale32,WeightedMaxWeight,cohort_goodput_mbps,Mbps,mean,4.748305555555556,4.7167214927881576,4.779889618322954,5,120
5,a,scale12,EDF,cohort_goodput_mbps,Mbps,mean,2.0495416666666664,2.024110895092446,2.074972438240887,5,120
5,a,scale16,EDF,cohort_goodput_mbps,Mbps,mean,2.7426759259259255,2.7086589346569276,2.7766929171949233,5,120
5,a,scale24,EDF,cohort_goodput_mbps,Mbps,mean,4.00012037037037,3.9215393047117373,4.078701436029003,5,120
5,a,scale32,EDF,cohort_goodput_mbps,Mbps,mean,5.232416666666667,5.194822463027437,5.270010870305898,5,120
5,a,scale12,LyapunovDPP-Energy,cohort_goodput_mbps,Mbps,mean,1.9133287037037037,1.8933340368309968,1.9333233705764106,5,120
5,a,scale16,LyapunovDPP-Energy,cohort_goodput_mbps,Mbps,mean,2.5964583333333335,2.55404393263061,2.638872734036057,5,120
5,a,scale24,LyapunovDPP-Energy,cohort_goodput_mbps,Mbps,mean,3.652111111111111,3.6075192721287825,3.6967029500934396,5,120
5,a,scale32,LyapunovDPP-Energy,cohort_goodput_mbps,Mbps,mean,4.607231481481481,4.58537223635999,4.629090726602972,5,120
5,a,scale12,SASP,cohort_goodput_mbps,Mbps,mean,2.0935694444444444,2.0594461473483805,2.1276927415405082,5,120
5,a,scale16,SASP,cohort_goodput_mbps,Mbps,mean,2.7967037037037032,2.7532061387414766,2.84020126866593,5,120
5,a,scale24,SASP,cohort_goodput_mbps,Mbps,mean,4.149634259259259,4.068861472140434,4.230407046378084,5,120
5,a,scale32,SASP,cohort_goodput_mbps,Mbps,mean,5.405722222222222,5.358752491259476,5.452691953184968,5,120
5,b,scale12,MaxRateMatching,queue_overflow_packet_probability,%,mean,3.7531756628528,3.0942697441788347,4.412081581526765,5,120
5,b,scale16,MaxRateMatching,queue_overflow_packet_probability,%,mean,3.1823980618860994,2.722032227870332,3.642763895901867,5,120
5,b,scale24,MaxRateMatching,queue_overflow_packet_probability,%,mean,6.193060611146451,5.660354658215887,6.725766564077015,5,120
5,b,scale32,MaxRateMatching,queue_overflow_packet_probability,%,mean,7.966675131549387,7.55005917997656,8.383291083122215,5,120
5,b,scale12,MaxWeight,queue_overflow_packet_probability,%,mean,3.324094589912228,3.1338411518594493,3.514348027965007,5,120
5,b,scale16,MaxWeight,queue_overflow_packet_probability,%,mean,2.4706656483545,1.9450787671145422,2.996252529594458,5,120
5,b,scale24,MaxWeight,queue_overflow_packet_probability,%,mean,4.576766912591102,4.006791501889685,5.14674232329252,5,120
5,b,scale32,MaxWeight,queue_overflow_packet_probability,%,mean,5.984352323610616,5.536537740228923,6.432166906992309,5,120
5,b,scale12,WeightedMaxWeight,queue_overflow_packet_probability,%,mean,3.1149406208726527,2.8886444669063818,3.3412367748389236,5,120
5,b,scale16,WeightedMaxWeight,queue_overflow_packet_probability,%,mean,2.15041006497094,1.8268181814274802,2.4740019485144003,5,120
5,b,scale24,WeightedMaxWeight,queue_overflow_packet_probability,%,mean,4.284381764803531,3.7356158511513287,4.833147678455735,5,120
5,b,scale32,WeightedMaxWeight,queue_overflow_packet_probability,%,mean,5.562638778888688,4.9566648519930885,6.168612705784288,5,120
5,b,scale12,EDF,queue_overflow_packet_probability,%,mean,2.086335765485761,1.7805186742042631,2.3921528567672588,5,120
5,b,scale16,EDF,queue_overflow_packet_probability,%,mean,1.5118575691597325,1.161709876254657,1.862005262064808,5,120
5,b,scale24,EDF,queue_overflow_packet_probability,%,mean,3.76127691930444,3.2439552638121865,4.2785985747966935,5,120
5,b,scale32,EDF,queue_overflow_packet_probability,%,mean,5.213649943679161,4.678565523122775,5.748734364235546,5,120
5,b,scale12,LyapunovDPP-Energy,queue_overflow_packet_probability,%,mean,3.7295711035397274,3.5572849231445427,3.901857283934912,5,120
5,b,scale16,LyapunovDPP-Energy,queue_overflow_packet_probability,%,mean,2.931807266710756,2.4022018165063086,3.461412716915204,5,120
5,b,scale24,LyapunovDPP-Energy,queue_overflow_packet_probability,%,mean,4.917264780132874,4.2056451963323696,5.628884363933379,5,120
5,b,scale32,LyapunovDPP-Energy,queue_overflow_packet_probability,%,mean,6.150239911154221,5.654364850014138,6.6461149722943045,5,120
5,b,scale12,SASP,queue_overflow_packet_probability,%,mean,0.8674091253839566,0.6832067386682348,1.0516115120996785,5,120
5,b,scale16,SASP,queue_overflow_packet_probability,%,mean,0.43187477943214886,0.3070915507133365,0.5566580081509612,5,120
5,b,scale24,SASP,queue_overflow_packet_probability,%,mean,1.5151726232055693,1.1068117135844475,1.9235335328266912,5,120
5,b,scale32,SASP,queue_overflow_packet_probability,%,mean,2.6412063962384833,2.1849612772052236,3.097451515271743,5,120
5,c,scale12,MaxRateMatching,controller_median_ms,ms,mean,0.42193416666666667,0.39711266067322387,0.44675567266010946,5,120
5,c,scale16,MaxRateMatching,controller_median_ms,ms,mean,0.6740449999999999,0.6600602398601525,0.6880297601398473,5,120
5,c,scale24,MaxRateMatching,controller_median_ms,ms,mean,1.4127450000000001,1.3491367710038418,1.4763532289961585,5,120
5,c,scale32,MaxRateMatching,controller_median_ms,ms,mean,2.3065083333333334,2.285612814317016,2.3274038523496507,5,120
5,c,scale12,MaxWeight,controller_median_ms,ms,mean,0.5787208333333334,0.5602941220241983,0.5971475446424684,5,120
5,c,scale16,MaxWeight,controller_median_ms,ms,mean,0.9346266666666667,0.9059596504635066,0.9632936828698269,5,120
5,c,scale24,MaxWeight,controller_median_ms,ms,mean,1.9118091666666668,1.8621260486703137,1.9614922846630198,5,120
5,c,scale32,MaxWeight,controller_median_ms,ms,mean,3.1767466666666664,3.1551970509869114,3.1982962823464214,5,120
5,c,scale12,WeightedMaxWeight,controller_median_ms,ms,mean,0.5543516666666667,0.526757394198472,0.5819459391348614,5,120
5,c,scale16,WeightedMaxWeight,controller_median_ms,ms,mean,0.8735575000000001,0.851027255095211,0.8960877449047892,5,120
5,c,scale24,WeightedMaxWeight,controller_median_ms,ms,mean,1.8063624999999999,1.735919202217482,1.8768057977825177,5,120
5,c,scale32,WeightedMaxWeight,controller_median_ms,ms,mean,3.0294616666666667,2.9988055398775484,3.060117793455785,5,120
5,c,scale12,EDF,controller_median_ms,ms,mean,0.4329558333333333,0.41790848886225235,0.4480031778044143,5,120
5,c,scale16,EDF,controller_median_ms,ms,mean,0.6804074999999999,0.6662875174888799,0.69452748251112,5,120
5,c,scale24,EDF,controller_median_ms,ms,mean,1.3632816666666667,1.280374899944996,1.4461884333883375,5,120
5,c,scale32,EDF,controller_median_ms,ms,mean,2.3593625000000005,2.337844558156231,2.38088044184377,5,120
5,c,scale12,LyapunovDPP-Energy,controller_median_ms,ms,mean,0.5811733333333333,0.5522717564440607,0.610074910222606,5,120
5,c,scale16,LyapunovDPP-Energy,controller_median_ms,ms,mean,0.982325,0.9326832346759982,1.0319667653240019,5,120
5,c,scale24,LyapunovDPP-Energy,controller_median_ms,ms,mean,1.9082441666666667,1.832726350932932,1.9837619824004016,5,120
5,c,scale32,LyapunovDPP-Energy,controller_median_ms,ms,mean,3.1885083333333335,3.169343456820918,3.207673209845749,5,120
5,c,scale12,SASP,controller_median_ms,ms,mean,1.6099883333333331,1.5558297987607856,1.6641468679058806,5,120
5,c,scale16,SASP,controller_median_ms,ms,mean,2.626866666666667,2.517727158930922,2.736006174402412,5,120
5,c,scale24,SASP,controller_median_ms,ms,mean,6.307919166666666,5.796420236926023,6.8194180964073094,5,120
5,c,scale32,SASP,controller_median_ms,ms,mean,10.9518325,10.737695287548629,11.165969712451371,5,120
